,GroupId,Group,Group_Full_Name,Region,Type,ENGO caucus participant,CNLCOM participant,DFO project involvement,Website,About
0,group0,ACAPHA,Atlantic Coastal Action Program Humber Arm,Western,ENGO,Y,,4R data meeting Feb 2019,https://oceansadvance.net/member/acap-humber-arm/,"ACAP Humber Arm Inc. is a not-for-profit organization serving the Bay of Islands and Humber Valley coastal regions of western Newfoundland. ...ACAP Humber Arm has established itself as a leader in integrated management. Efforts are concentrated in the areas of: marine water quality, coastal land use planning, environmental education, and ocean technologies"
1,group1,AHOI,Atlantic Healthy Oceans Initiative,Western,ENGO,Y,,4R data meeting Feb 2019,https://www.facebook.com/atlantichealthyoceansinitiative/,A community-led non-profit environmental group that aims to help improve the health of the oceans and sustainability of our coastal communities
2,group2,ASCF,Alantic Salmon Conservation Foundation ,New Brunswick,ENGO,,,,https://www.salmonconservation.ca/,
3,group3,ASF,Atlantic Salmon Federation,Western,ENGO,,,4R data meeting Feb 2019,https://www.asf.ca/,"The Atlantic Salmon Federation is an international conservation organization established in 1948. The Federation is dedicated to the conservation, protection and restoration of wild Atlantic salmon and the ecosystems on which their well being and survival depend."
4,group4,BSGSSG,Bay St. George Salmon Stewardship Group,Western,ENGO,,,,,
5,group5,BSGSN,Bay St. George Sustainability Network,Western,ENGO,,,,,
6,group6,CBSDC,Corner Brook Stream Development Corporation,Western,ENGO,,,,http://www.cbstream.com/,
7,group7,CPAWS-NL,Canadian Parks and Wilderness Scoiety - Newfoundland and Labrador,Eastern,ENGO,Y,,"Coastal Restoration Fund Projects  (R. Van Ingen),4R data meeting Feb 2019",https://cpawsnl.org/,"CPAWS-NL’s mission is to promote the systematic establishment of new terrestrial and marine protected areas and to foster effective governance of existing parks, protected reserves and wilderness areas in the province. For the benefit of present and future generations, we envision the establishment of a representative system of terrestrial and marine protected areas that incorporates the ecological, social and economic values of local communities and recognizes the importance of protected areas and wilderness as an essential part of ecosystems governance and planning."
8,group8,DUCKS,Ducks Unlimited Canada,Eastern,ENGO,Y,,,https://www.ducks.ca/,
9,group9,ERMA,Environment Resources Management Association,Central,ENGO,Y,,Aquatic Connectivity Assessment (R. Van Ingen),https://www.erma.ca/about-us/index.html,"From its early days of developing the Exploits River, Environment Resources Management Association (ERMA), has assembled an experienced group of professionals that have acquired expertise in all areas of planning, completing, operating and monitoring all aspects of freshwater biology programs."
10,group10,FABEC,Freshwater/Alexander Bay Ecosystems Corporation,Central,ENGO,,,Aquatic Connectivity Assessment (R. Van Ingen),http://www.fabec.org/,
11,group11,GREC,Gander River Ecosystems Corporation,Central,ENGO,,,Aquatic Connectivity Assessment (R. Van Ingen),Website not secure,
12,group12,GRLI,Grand Riverkeeper Labrador Inc.,Labrador,ENGO,,,,http://www.grandriverkeeperlabrador.ca/,
13,group13,HRSG,Harrys River Stewardship Group,Western,ENGO,,,,,
14,group14,HWLI,Healthy Waters Labrador Inc.,Labrador,ENGO,,,,"http://www.healthywaterslabrador.ca/home/#:~:text=Healthy%20Waters%20Labrador%20is%20a,Lake%20Melville%20region%20of%20Labrador.",
15,group15,HNHS,Humber Natural History Society,Western,ENGO,,,,https://nlenvironmentnetwork.org/2017/05/03/humber-natural-history-society-hnhs/,
16,group16,IBEC,Indian Bay Ecosystem Corp.,Central,ENGO,Y,,Aquatic Connectivity Assessment (R. Van Ingen),https://indianbayecosystem.com/,"The Indian Bay Ecosystem Corporation is a non-profit community-based environmental organization with the goal of protecting the Indian Bay watershed through research, community engagement, and sound stewardship."
17,group17,LHFA,Labrador Hunting and Fishing Association,Labrador,ENGO,,,,http://www.lhafa.org/home/,
18,group18,NCC,Nature Conservancy Canada,Eastern,ENGO,Y,,,https://www.natureconservancy.ca/en/where-we-work/newfoundland-and-labrador/,"As the only land trust organization in Newfoundland and Labrador, the Nature Conservancy of Canada (NCC) has helped protect 5,600 hectares (over 13,800 acres) of some of the best wilderness in the province. NCC currently owns land in nine project areas across the island. These range from coastal sites that host the East Coast Trail on the Avalon Peninsula to the internationally renowned Grand Codroy Estuary, near Channel-Port aux Basques. In Labrador, NCC created the NL Nature Atlas, an inventory of Labrador’s natural environment to support others with their land use planning. This project is being expanded to include the island of Newfoundland."
19,group19,NNL,Nature NL,Eastern,ENGO,,,,https://naturenl.ca/,
20,group20,NACAP,Northeast Avalon ACAP,Eastern,ENGO,Y,,Aquatic Connectivity Assessment (R. Van Ingen),http://www.naacap.ca/site/,"Northeast Avalon Atlantic Coastal Action Program (NAACAP) is a community advocacy group concerned with the health of our watersheds and coastal areas. Formed in 1992 with the support of Environment Canada under the Atlantic Coastal Action Program, NAACAP has a long history of environmental research, advocacy, and action on issues affecting the quality of our natural resources with a particular emphasis on the watersheds and coastal areas of the Northeast Avalon Region."
21,group21,PBCMA,Placentia Bay CMA,Eastern,ENGO,Y,,,,
22,group22,QLF,Quebec Labrador Foundation,Quebec,ENGO,,,,https://www.qlf.org/,
23,group23,Intervale,Intervale,Atlatic Region,ENGO,Y,,,http://intervale.ca/,"We are experienced in community-based research and program development, having applied this approach over many years to conservation projects in rural areas of Canada and internationally. In collaboration with other organizations and rural communities, we have demonstrated the effectiveness of community-based approaches in achieving conservation objectives while providing benefits to rural communities. Our approach is inspired from years of work with people in the Atlantic and Gulf of St. Lawrence regions of Canada."
24,group24,RHRCG,Ragged Harbour River Conservation Group,Central,ENGO,,,,https://opencorporates.com/companies/ca_nl/52633,
25,group25,STRACC,Salmon & Trout Restoration Association of Conception Bay Central Inc. (STRACC),Eastern,ENGO,,,,https://www.facebook.com/STRACC/,
26,group26,SPAWN,Salmon Preservation Asociation for Water of Newfoundland - SPAWN,Western,ENGO,,,,https://spawn1.ca/index.php/about-us/,
27,group27,SAEN,Salmonid Association of Eastern Newfoundland,Eastern,ENGO,,,,https://www.saen.org/,"The Salmonid Association of Eastern Newfoundland (SAEN) is a conservation group dedicated to the preservation of our province's salmon, trout and other freshwater resources. Since 1979 this group of volunteers has carried out conservation, research, education, and enhancement projects worth over $10 million."
28,group28,SCNL,Salmonid Council of Newfoundland and Labrador,Eastern,ENGO,,,,,
29,group29,SAM,Stewardship Association of Municipalities,Eastern,ENGO,Y,,,https://www.samnl.org/,"SAM works with the Eastern Habitat Joint Venture in NL to secure, enhance, & restore important wildlife habitat (wetlands, uplands, coastal areas, & species at risk habitat) within municipal planning boundaries. As a network of communities who practice environmental stewardship across NL, SAM contributes"
30,group30,TS,Torngat Secretariat,Labrador,ENGO,,,,https://www.torngatsecretariat.ca/home/,
31,group31,WEC,Western Environment Centre (WEC),Western,ENGO,,,,https://www.wecnl.ca/,
32,group32,CC,Conservation Corps,Eastern,ENGO,Y,,,https://www.ccnl.ca/,"To help young people gain leadership, teamwork and employment skills.To work with communities and partners to enhance, restore and sustainably develop the natural and cultural resources of the province. To develop and promote a strong conservation ethic in Newfoundland and Labrador."
33,group33,WWFC,WWF Canada,Eastern,ENGO,Y,,"Coastal Restoration Fund Projects  (R. Van Ingen),4R data meeting Feb 2019",https://wwf.ca/,
34,group34,ECCM,"Environment, Climate Change, and Municipalities (Water Resources Management Division)",Eastern,Government,,Y,,https://www.gov.nl.ca/eccm/,
35,group35,FFA,Fishery Forestry and Agriculture (Sustainable Fisheries and Oceans Policy),Eastern,Government,,Y,4R data meeting Feb 2019,https://www.gov.nl.ca/ffa/,
36,group36,MUNGC,Memorial University of Newfoundland - Grenfell Campus,Western,Academia,,,,https://www.grenfell.mun.ca/Pages/home.aspx,
37,group37,MI,Marine Institute,Eastern,Academia,,,4R data meeting Feb 2019,https://www.mi.mun.ca/departments/centreforfisheriesecosystemsresearch/,
38,group38,MUN,Memorial University of Newfoundland,Eastern,Academia,,,,http://www.ucs.mun.ca/~cfpurchase/,
39,group39,MUN-Geography,"Department of Geography, Memorial University",Eastern,Indigenous,,,,https://www.mun.ca/geog/people/faculty/mlib.php,
40,group40,NunatuKavut ,NunatuKavut Community Council,Labrador,Indigenous,Y,,Aquatic Connectivity Assessment (R. Van Ingen),https://nunatukavut.ca/,
41,group41,Nunatsiavut,Nunatsiavut Government,Labrador,Indigenous,,,MPC (J. Janes),https://www.nunatsiavut.com/,
42,group42,Innu,Innu Nation,Labrador,Indigenous,,,,https://www.innu.ca/,
43,group43,Qalipu,Qalipu ,Western,Indigenous,,,"Aquatic Connectivity Assessment (R. Van Ingen),4R data meeting Feb 2019",http://qalipu.ca/,
44,group44,MFN,Miawpukek First Nation,Central,Indigenous,,,Aquatic Connectivity Assessment (R. Van Ingen),http://www.mfngov.ca/,
45,group45,MAMKA,MAMKA,Central,Indigenous,,,,https://mamka.ca/,
46,group46,DFO,,,,,,,,
47,group47,BSGS,,,,,,,,
48,group48,GBIBC,,,,,,,,
49,group49,Glenwood FN,,,,,,,,
50,group50,Humber Arm,,,,,,,,
51,group51,Inrervale W,,,,,,,,
52,group52,Intervale NP,,,,,,,,
53,group53,NAACAP,,,,,,,,
