Effort_Id,DataSetName,SiteName,SiteCode,SiteId,Latitude,Longitude,Date,VolumeFIltered,Sample_Method,Filter size,PrimaryInvestigator,effort_type,Access_Type,Confirmed_Killifish,Group,SubGroup,Technician,Obstruction,Depth,Flow,Other people,RiverName,Measured_with,WaterTemp,DO%,DOmg.L,DO.CH,Sal,C.us.-cm,pH,pH.mV,ORP
deels1,Lab2020eDNA,Trout River,TRR,TRR20-1-N, , ,06-Oct-20,800.0,Smith-root backpack,26 um,Tom Bird,eDNA,,,,,,,,,,,,,,,,,,,,
deels2,Lab2020eDNA,Trout River,TRR,TRR20-1-L,51.64125999,-56.72186201,06-Oct-20,750.0,Smith-root backpack,26 um,Tom Bird,eDNA,,,,,,,,,,,,,,,,,,,,
deels3,Lab2020eDNA,Trout River,TRR,TRR20-1-C,51.64134096,-56.721919,06-Oct-20,700.0,Smith-root backpack,26 um,Tom Bird,eDNA,,,,,,,,,,,,,,,,,,,,
deels4,Lab2020eDNA,Trout River,TRR,TRR20-1-R,51.64133501,-56.72191003,06-Oct-20,700.0,Smith-root backpack,26 um,Tom Bird,eDNA,,,,,,,,,,,,,,,,,,,,
deels5,Lab2020eDNA,Gilbert River,GIR,GIR20-1-N, , ,07-Oct-20,1000.0,Smith-root backpack,26 um,Tom Bird,eDNA,,,,,,,,,,,,,,,,,,,,
deels6,Lab2020eDNA,Gilbert River,GIR,GIR20-1-L,52.71115403,-56.32917202,07-Oct-20,600.0,Smith-root backpack,26 um,Tom Bird,eDNA,,,,,,,,,,,,,,,,,,,,
deels7,Lab2020eDNA,Gilbert River,GIR,GIR20-1-C,52.71099402,-56.329427,07-Oct-20,800.0,Smith-root backpack,26 um,Tom Bird,eDNA,,,,,,,,,,,,,,,,,,,,
deels8,Lab2020eDNA,Gilbert River,GIR,GIR20-1-R,52.71107197,-56.32894898,07-Oct-20,800.0,Smith-root backpack,26 um,Tom Bird,eDNA,,,,,,,,,,,,,,,,,,,,
deels9,Lab2020eDNA,Shinny's Brook,SBK,SBK20-1-N, , ,07-Oct-20,1000.0,Smith-root backpack,26 um,Tom Bird,eDNA,,,,,,,,,,,,,,,,,,,,
deels10,Lab2020eDNA,Shinny's Brook,SBK,SBK20-1-L,52.63240898,-56.42031399,07-Oct-20,680.0,Smith-root backpack,26 um,Tom Bird,eDNA,,,,,,,,,,,,,,,,,,,,
deels11,Lab2020eDNA,Shinny's Brook,SBK,SBK20-1-C,52.63246698,-56.42040996,07-Oct-20,700.0,Smith-root backpack,26 um,Tom Bird,eDNA,,,,,,,,,,,,,,,,,,,,
deels12,Lab2020eDNA,Shinny's Brook,SBK,SBK20-1-R,52.63253404,-56.42031399,07-Oct-20,600.0,Smith-root backpack,26 um,Tom Bird,eDNA,,,,,,,,,,,,,,,,,,,,
deels13,Lab2020eDNA,Shinny's Brook (Dam),SBB,SBB20-2-N, , ,07-Oct-20,1000.0,Smith-root backpack,26 um,Tom Bird,eDNA,,,,,,,,,,,,,,,,,,,,
deels14,Lab2020eDNA,Shinny's Brook (Dam),SBB,SBB20-2-L,52.632758,-56.421982,07-Oct-20,500.0,Smith-root backpack,26 um,Tom Bird,eDNA,,,,,,,,,,,,,,,,,,,,
deels15,Lab2020eDNA,Shinny's Brook (Dam),SBB,SBB20-2-C,52.632709,-56.421914,07-Oct-20,,Smith-root backpack,26 um,Tom Bird,eDNA,,,,,,,,,,,,,,,,,,,,
deels16,Lab2020eDNA,Shinny's Brook (Dam),SBB,SBB20-2-R,52.632758,-56.421902,07-Oct-20,,Smith-root backpack,26 um,Tom Bird,eDNA,,,,,,,,,,,,,,,,,,,,
deels17,Lab2020eDNA,Shinny's Brook (Dam),SBB,SBB20-2-N, , ,07-Oct-20,,Smith-root backpack,26 um,Tom Bird,eDNA,,,,,,,,,,,,,,,,,,,,
deels18,Lab2020eDNA,St. Charle's River,STC,STC20-1-L,52.23042204,-55.85540003,08-Oct-20,1000.0,Smith-root backpack,26 um,Tom Bird,eDNA,,,,,,,,,,,,,,,,,,,,
deels19,Lab2020eDNA,St. Charle's River,STC,STC20-1-C,52.23037996,-55.85577697,08-Oct-20,700.0,Smith-root backpack,26 um,Tom Bird,eDNA,,,,,,,,,,,,,,,,,,,,
deels20,Lab2020eDNA,St. Charle's River,STC,STC20-1-R,52.23069596,-55.85549802,08-Oct-20,1000.0,Smith-root backpack,26 um,Tom Bird,eDNA,,,,,,,,,,,,,,,,,,,,
deels21,Lab2020eDNA,St. Charle's River,STC,STC20-1-N, , ,08-Oct-20,1000.0,Smith-root backpack,26 um,Tom Bird,eDNA,,,,,,,,,,,,,,,,,,,,
deels22,Lab2020eDNA,St.Charle's River (Dam),STB,STB20-2-L,,,08-Oct-20,1000.0,Smith-root backpack,26 um,Tom Bird,eDNA,,,,,,,,,,,,,,,,,,,,
deels23,Lab2020eDNA,St.Charle's River (Dam),STB,STB20-2-C,,,08-Oct-20,,Smith-root backpack,26 um,Tom Bird,eDNA,,,,,,,,,,,,,,,,,,,,
deels24,Lab2020eDNA,St.Charle's River (Dam),STB,STB20-2-R,52.23090903,-55.85541202,08-Oct-20,,Smith-root backpack,26 um,Tom Bird,eDNA,,,,,,,,,,,,,,,,,,,,
deels25,Lab2020eDNA,St.Charle's River (Dam),STB,STB20-2-N, , ,08-Oct-20,,Smith-root backpack,26 um,Tom Bird,eDNA,,,,,,,,,,,,,,,,,,,,
deels26,Lab2020eDNA,Muddy Bay Brook,MDB,MDB20-1-L,53.61685999,-57.03806897,09-Oct-20,1000.0,Smith-root backpack,26 um,Tom Bird,eDNA,,,,,,,,,,,,,,,,,,,,
deels27,Lab2020eDNA,Muddy Bay Brook,MDB,MDB20-1-C,53.61623897,-57.03702098,09-Oct-20,900.0,Smith-root backpack,26 um,Tom Bird,eDNA,,,,,,,,,,,,,,,,,,,,
deels28,Lab2020eDNA,Muddy Bay Brook,MDB,MDB20-1-R,53.61678103,-57.03821599,09-Oct-20,1000.0,Smith-root backpack,26 um,Tom Bird,eDNA,,,,,,,,,,,,,,,,,,,,
deels29,Lab2020eDNA,Muddy Bay Brook,MDB,MDB20-1-N, , ,09-Oct-20,1000.0,Smith-root backpack,26 um,Tom Bird,eDNA,,,,,,,,,,,,,,,,,,,,
deels30,Lab2020eDNA,Southwest Brook,SWB,SWB20-1-L,53.42221401,-57.23552196,09-Oct-20,1000.0,Smith-root backpack,26 um,Tom Bird,eDNA,,,,,,,,,,,,,,,,,,,,
deels31,Lab2020eDNA,Southwest Brook,SWB,SWB20-1-C,53.422184,-57.23534997,09-Oct-20,1000.0,Smith-root backpack,26 um,Tom Bird,eDNA,,,,,,,,,,,,,,,,,,,,
deels32,Lab2020eDNA,Southwest Brook,SWB,SWB20-1-R,53.42206799,-57.23561802,09-Oct-20,950.0,Smith-root backpack,26 um,Tom Bird,eDNA,,,,,,,,,,,,,,,,,,,,
deels33,Lab2020eDNA,Southwest Brook,SWB,SWB20-1-N, , ,09-Oct-20,1000.0,Smith-root backpack,26 um,Tom Bird,eDNA,,,,,,,,,,,,,,,,,,,,
deels34,Lab2020eDNA,St. Mary's River,SMR,SMR20-1-L,52.30534896,-55.83975898,10-Oct-20,1000.0,Smith-root backpack,26 um,Tom Bird,eDNA,,,,,,,,,,,,,,,,,,,,
deels35,Lab2020eDNA,St. Mary's River,SMR,SMR20-1-C,52.30569203,-55.83978396,10-Oct-20,500.0,Smith-root backpack,26 um,Tom Bird,eDNA,,,,,,,,,,,,,,,,,,,,
deels36,Lab2020eDNA,St. Mary's River,SMR,SMR20-1-R,52.30566303,-55.83927903,10-Oct-20,500.0,Smith-root backpack,26 um,Tom Bird,eDNA,,,,,,,,,,,,,,,,,,,,
deels37,Lab2020eDNA,St. Mary's River,SMR,SMR20-1-N, , ,10-Oct-20,1000.0,Smith-root backpack,26 um,Tom Bird,eDNA,,,,,,,,,,,,,,,,,,,,
deels38,Lab2020eDNA,St. Mary's River,SMR,SMR20-1-L,52.30534896,-55.83975898,10-Oct-20,1000.0,Smith-root backpack,26 um,Tom Bird,eDNA,,,,,,,,,,,,,,,,,,,,
deels39,Lab2020eDNA,Forteau,FOR,FOR20-1-C,51.50218796,-56.95288603,11-Oct-20,1000.0,Smith-root backpack,26 um,Tom Bird,eDNA,,,,,,,,,,,,,,,,,,,,
deels40,Lab2020eDNA,Forteau,FOR,FOR20-1-R,51.50221797,-56.95278796,11-Oct-20,,Smith-root backpack,26 um,Tom Bird,eDNA,,,,,,,,,,,,,,,,,,,,
deels41,Lab2020eDNA,Forteau,FOR,FOR20-1-N, , ,11-Oct-20,,Smith-root backpack,26 um,Tom Bird,eDNA,,,,,,,,,,,,,,,,,,,,
deels42,Lab2020eDNA,Forteau,FOR,FOR20-1-L,51.50212099,-56.95287396,11-Oct-20,700.0,Smith-root backpack,26 um,Tom Bird,eDNA,,,,,,,,,,,,,,,,,,,,
deels43,Lab2020eDNA,L'Anse Au Loup (Dam),LLD,LLD20-1-C,51.545267,-56.85797003,11-Oct-20,1000.0,Smith-root backpack,26 um,Tom Bird,eDNA,,,,,,,,,,,,,,,,,,,,
deels44,Lab2020eDNA,L'Anse Au Loup (Dam),LLD,LLD20-1-R,51.545353,-56.85791697,11-Oct-20,1000.0,Smith-root backpack,26 um,Tom Bird,eDNA,,,,,,,,,,,,,,,,,,,,
deels45,Lab2020eDNA,L'Anse Au Loup (Dam),LLD,LLD20-1-N, , ,11-Oct-20,1000.0,Smith-root backpack,26 um,Tom Bird,eDNA,,,,,,,,,,,,,,,,,,,,
deels46,Lab2020eDNA,L'Anse Au Loup (Dam),LLD,LLD20-1-L,51.54531604,-56.85794002,11-Oct-20,1000.0,Smith-root backpack,26 um,Tom Bird,eDNA,,,,,,,,,,,,,,,,,,,,
deels47,Lab2020eDNA,L'Anse Au Loup,LAL,LAL20-2-C,51.54534403,-56.85492598,11-Oct-20,1000.0,Smith-root backpack,26 um,Tom Bird,eDNA,,,,,,,,,,,,,,,,,,,,
deels48,Lab2020eDNA,L'Anse Au Loup,LAL,LAL20-2-R,51.54527698,-56.85493201,11-Oct-20,1000.0,Smith-root backpack,26 um,Tom Bird,eDNA,,,,,,,,,,,,,,,,,,,,
deels49,Lab2020eDNA,L'Anse Au Loup,LAL,LAL20-2-N, , ,11-Oct-20,1000.0,Smith-root backpack,26 um,Tom Bird,eDNA,,,,,,,,,,,,,,,,,,,,
deels50,Lab2020eDNA,L'Anse Au Loup,LAL,LAL20-2-L,51.54542902,-56.85503804,11-Oct-20,1000.0,Smith-root backpack,26 um,Tom Bird,eDNA,,,,,,,,,,,,,,,,,,,,
deels51,Lab2020eDNA,Pinware River Tributary,PRT,PRT20-1-C,,,12-Oct-20,1000.0,Smith-root backpack,26 um,Tom Bird,eDNA,,,,,,,,,,,,,,,,,,,,
deels52,Lab2020eDNA,Pinware River Tributary,PRT,PRT20-1-R,,,12-Oct-20,,Smith-root backpack,26 um,Tom Bird,eDNA,,,,,,,,,,,,,,,,,,,,
deels53,Lab2020eDNA,Pinware River Tributary,PRT,PRT20-1-N,,,12-Oct-20,,Smith-root backpack,26 um,Tom Bird,eDNA,,,,,,,,,,,,,,,,,,,,
deels54,Lab2020eDNA,Pinware River Tributary,PRT,PRT20-1-L,,,12-Oct-20,,Smith-root backpack,26 um,Tom Bird,eDNA,,,,,,,,,,,,,,,,,,,,
deels55,Lab2020eDNA,L'anse Amour,LAA,LAA20-1-C,51.47627899,-56.87228699,12-Oct-20,1000.0,Smith-root backpack,26 um,Tom Bird,eDNA,,,,,,,,,,,,,,,,,,,,
deels56,Lab2020eDNA,L'anse Amour,LAA,LAA20-1-R,51.47625301,-56.87226201,12-Oct-20,1000.0,Smith-root backpack,26 um,Tom Bird,eDNA,,,,,,,,,,,,,,,,,,,,
deels57,Lab2020eDNA,L'anse Amour,LAA,LAA20-1-N, , ,12-Oct-20,1000.0,Smith-root backpack,26 um,Tom Bird,eDNA,,,,,,,,,,,,,,,,,,,,
deels58,Lab2020eDNA,L'anse Amour,LAA,LAA20-1-L,51.47630397,-56.87197401,12-Oct-20,1000.0,Smith-root backpack,26 um,Tom Bird,eDNA,,,,,,,,,,,,,,,,,,,,
deels59,Lab2020eDNA,Small creek before town of pinware,PCC,PCC20-1-C,,,12-Oct-20,1000.0,Smith-root backpack,26 um,Tom Bird,eDNA,,,,,,,,,,,,,,,,,,,,
deels60,Lab2020eDNA,Small creek before town of pinware,PCC,PCC20-1-R,51.620423,-56.71845099,12-Oct-20,,Smith-root backpack,26 um,Tom Bird,eDNA,,,,,,,,,,,,,,,,,,,,
deels61,Lab2020eDNA,Parker's River,PBP,PBP20-1-N, , ,13-Oct-20,1000.0,Smith-root backpack,26 um,Tom Bird,eDNA,,,,,,,,,,,,,,,,,,,,
deels62,Lab2020eDNA,Parker's River,PBP,PBP20-1-L,51.49701398,-55.73154702,13-Oct-20,1000.0,Smith-root backpack,26 um,Tom Bird,eDNA,,,,,,,,,,,,,,,,,,,,
deels63,Lab2020eDNA,Parker's River,PBP,PBP20-1-C,51.49701398,-55.73166504,13-Oct-20,900.0,Smith-root backpack,26 um,Tom Bird,eDNA,,,,,,,,,,,,,,,,,,,,
deels64,Lab2020eDNA,Parker's River,PBP,PBP20-1-R,51.49692002,-55.73159999,13-Oct-20,1000.0,Smith-root backpack,26 um,Tom Bird,eDNA,,,,,,,,,,,,,,,,,,,,
deels65,Lab2020eDNA,Outardes River,OUR,OUR20-1-N, , ,13-Oct-20,1000.0,Smith-root backpack,26 um,Tom Bird,eDNA,,,,,,,,,,,,,,,,,,,,
deels66,Lab2020eDNA,Outardes River,OUR,OUR20-1-L,51.48497304,-55.62204097,13-Oct-20,1000.0,Smith-root backpack,26 um,Tom Bird,eDNA,,,,,,,,,,,,,,,,,,,,
deels67,Lab2020eDNA,Outardes River,OUR,OUR20-1-C,51.48498503,-55.62204097,13-Oct-20,1000.0,Smith-root backpack,26 um,Tom Bird,eDNA,,,,,,,,,,,,,,,,,,,,
deels68,Lab2020eDNA,Outardes River,OUR,OUR20-1-R,51.48497304,-55.62204097,13-Oct-20,950.0,Smith-root backpack,26 um,Tom Bird,eDNA,,,,,,,,,,,,,,,,,,,,
deels69,Lab2020eDNA,Northwest Brook by Roddickton,NOR,NOR20-1-N, , ,14-Oct-20,1000.0,Smith-root backpack,26 um,Tom Bird,eDNA,,,,,,,,,,,,,,,,,,,,
deels70,Lab2020eDNA,Northwest Brook by Roddickton,NOR,NOR20-1-L,50.92449998,-56.11226203,14-Oct-20,,Smith-root backpack,26 um,Tom Bird,eDNA,,,,,,,,,,,,,,,,,,,,
deels71,Lab2020eDNA,Northwest Brook by Roddickton,NOR,NOR20-1-C,50.92443402,-56.11223403,14-Oct-20,,Smith-root backpack,26 um,Tom Bird,eDNA,,,,,,,,,,,,,,,,,,,,
deels72,Lab2020eDNA,Northwest Brook by Roddickton,NOR,NOR20-1-R,50.92445699,-56.11213203,14-Oct-20,,Smith-root backpack,26 um,Tom Bird,eDNA,,,,,,,,,,,,,,,,,,,,
deels73,Lab2020eDNA,Rose's Brook,ROB,ROB20-1-N, , ,14-Oct-20,1000.0,Smith-root backpack,26 um,Tom Bird,eDNA,,,,,,,,,,,,,,,,,,,,
deels74,Lab2020eDNA,Rose's Brook,ROB,ROB20-1-L,51.094689,-56.06777902,14-Oct-20,1000.0,Smith-root backpack,26 um,Tom Bird,eDNA,,,,,,,,,,,,,,,,,,,,
deels75,Lab2020eDNA,Rose's Brook,ROB,ROB20-1-C,51.09475002,-56.06770702,14-Oct-20,1000.0,Smith-root backpack,26 um,Tom Bird,eDNA,,,,,,,,,,,,,,,,,,,,
deels76,Lab2020eDNA,Rose's Brook,ROB,ROB20-1-R,51.09471397,-56.06786904,14-Oct-20,1000.0,Smith-root backpack,26 um,Tom Bird,eDNA,,,,,,,,,,,,,,,,,,,,
deels77,Lab2020eDNA,Pinsent's River,PIR,PIR20-1-N, , ,14-Oct-20,1000.0,Smith-root backpack,26 um,Tom Bird,eDNA,,,,,,,,,,,,,,,,,,,,
deels78,Lab2020eDNA,Pinsent's River,PIR,PIR20-1-L,51.49117104,-55.873414,14-Oct-20,,Smith-root backpack,26 um,Tom Bird,eDNA,,,,,,,,,,,,,,,,,,,,
deels79,Lab2020eDNA,Pinsent's River,PIR,PIR20-1-C,51.49117104,-55.873414,14-Oct-20,,Smith-root backpack,26 um,Tom Bird,eDNA,,,,,,,,,,,,,,,,,,,,
deels80,Lab2020eDNA,Pinsent's River,PIR,PIR20-1-R,51.49116199,-55.873414,14-Oct-20,,Smith-root backpack,26 um,Tom Bird,eDNA,,,,,,,,,,,,,,,,,,,,
deels81,Lab2020eDNA,Green Island Brook,GIB,GIB20-1-N, , ,15-Oct-20,1000.0,Smith-root backpack,26 um,Tom Bird,eDNA,,,,,,,,,,,,,,,,,,,,
deels82,Lab2020eDNA,Green Island Brook,GIB,GIB20-1-L,51.39533403,-56.529369,15-Oct-20,,Smith-root backpack,26 um,Tom Bird,eDNA,,,,,,,,,,,,,,,,,,,,
deels83,Lab2020eDNA,Green Island Brook,GIB,GIB20-1-C,51.39551098,-56.52965399,15-Oct-20,,Smith-root backpack,26 um,Tom Bird,eDNA,,,,,,,,,,,,,,,,,,,,
deels84,Lab2020eDNA,Green Island Brook,GIB,GIB20-1-R,51.39541701,-56.52949297,15-Oct-20,,Smith-root backpack,26 um,Tom Bird,eDNA,,,,,,,,,,,,,,,,,,,,
deels85,Lab2020eDNA,Genevieve River,SGR,SGR20-1-N, , ,15-Oct-20,1000.0,Smith-root backpack,26 um,Tom Bird,eDNA,,,,,,,,,,,,,,,,,,,,
deels86,Lab2020eDNA,Genevieve River,SGR,SGR20-1-L,51.137506,-56.795841,15-Oct-20,,Smith-root backpack,26 um,Tom Bird,eDNA,,,,,,,,,,,,,,,,,,,,
deels87,Lab2020eDNA,Genevieve River,SGR,SGR20-1-C,,,15-Oct-20,,Smith-root backpack,26 um,Tom Bird,eDNA,,,,,,,,,,,,,,,,,,,,
deels88,Lab2020eDNA,Genevieve River,SGR,SGR20-1-R,,,15-Oct-20,,Smith-root backpack,26 um,Tom Bird,eDNA,,,,,,,,,,,,,,,,,,,,
salmonid1,Lab2020Salmon,Barachois Pond,BAP,BAP20-1,48.48275,-58.26319,,,,,Ian Bradbury,eDNA,Car,Y,DFO,Salmonids,Steve Duffy,,,,,,,,,,,,,,,
salmonid2,Lab2020Salmon,Barry Brook,BBR,BBR20-1,48.3327,-58.6908,,,,,Ian Bradbury,eDNA,Car,N,DFO,Salmonids,Steve Duffy,,,,,,,,,,,,,,,
salmonid3,Lab2020Salmon,Barry's Brook,BAB,BAB20-1,49.2691,-54.4889,,,,,Ian Bradbury,eDNA,Car,N,DFO,Salmonids,Steve Duffy,,,,,,,,,,,,,,,
salmonid4,Lab2020Salmon,Bay Bulls River,BLR,BBR20-1,47.3166,-52.8136,,,,,Ian Bradbury,eDNA,Car,N,DFO,Salmonids,Steve Duffy,,,,,,,,,,,,,,,
salmonid5,Lab2020Salmon,Bay de Loup Brook,BLP,BLP20-1,47.6617,-57.5174,,,,,Ian Bradbury,Electrofishing/eDNA,Helicopter,N,DFO,Salmonids,Steve Duffy,,,,,,,,,,,,,,,
salmonid6,Lab2020Salmon,Bay du Nord River,BNR,BNR20-1,47.7278,-55.4373,,,,,Ian Bradbury,Electrofishing/eDNA,Car,N,DFO,Salmonids,Steve Duffy,,,,,,,,,,,,,,,
salmonid7,Lab2020Salmon,Bear Cove Brook,BCB,BCB20-1,47.6609,-59.309,,,,,Ian Bradbury,Electrofishing/eDNA,Car,N,DFO,Salmonids,Steve Duffy,,,,,,,,,,,,,,,
salmonid8,Lab2020Salmon,Big Salmonier Brook,BSB,BSB20-1,47.056740000000005,-55.22286999999999,,,,,Ian Bradbury,eDNA,Car,N,DFO,Salmonids,Steve Duffy,,,,,,,,,,,,,,,
salmonid9,Lab2020Salmon,Biscay Bay River,BSR,BSR20-1,46.7754,-53.2811,,,,,Ian Bradbury,eDNA,Car,N,DFO,Salmonids,Steve Duffy,,,,,,,,,,,,,,,
salmonid10,Lab2020Salmon,Black River (Placentia),BRP,BRP20-1,47.8823,-54.1676,,,,,Ian Bradbury,eDNA,Car,N,DFO,Salmonids,Steve Duffy,,,,,,,,,,,,,,,
salmonid11,Lab2020Salmon,Branch River,BRR,BRR20-1,46.8912,-53.979209999999995,,,,,Ian Bradbury,eDNA,Car,N,DFO,Salmonids,Steve Duffy,,,,,,,,,,,,,,,
salmonid12,Lab2020Salmon,Broad Cove Brook,BRB,BRB20-1,47.8393,-53.0973,,,,,Ian Bradbury,eDNA,Car,N,DFO,Salmonids,Steve Duffy,,,,,,,,,,,,,,,
salmonid13,Lab2020Salmon,Burnt Island River,BIR,BIR20-1,47.608999999999995,-58.8728,,,,,Ian Bradbury,Electrofishing/eDNA,Helicopter,N,DFO,Salmonids,Steve Duffy,,,,,,,,,,,,,,,
salmonid14,Lab2020Salmon,Burton's Pond,BPP,BPP20-1,47.57371,-52.72821999999999,,,,,Ian Bradbury,eDNA,Car,Y,DFO,Salmonids,Steve Duffy,,,,,,,,,,,,,,,
salmonid15,Lab2020Salmon,Campbellton,CBN,CBN20-1,49.2793,-54.9218,,,,,Ian Bradbury,eDNA,Car,N,DFO,Salmonids,Steve Duffy,,,,,,,,,,,,,,,
salmonid16,Lab2020Salmon,Cape Roger Brook,CRB,CRB20-1,47.4272,-54.7035,,,,,Ian Bradbury,eDNA,Car,N,DFO,Salmonids,Steve Duffy,,,,,,,,,,,,,,,
salmonid17,Lab2020Salmon,Cat Arm River,CAR,CAR20-1,50.1302,-56.7437,,,,,Ian Bradbury,eDNA,Car,N,DFO,Salmonids,Steve Duffy,,,,,,,,,,,,,,,
salmonid18,Lab2020Salmon,Chaleur Bay Bay,CBB,CBB20-1,47.660705,-56.772339,,,,,Ian Bradbury,Electrofishing/eDNA,Helicopter,N,DFO,Salmonids,Steve Duffy,,,,,,,,,,,,,,,
salmonid19,Lab2020Salmon,Cinq Cerf Brook,CCB,CCB20-1,47.6959,-58.1544,,,,,Ian Bradbury,Electrofishing/eDNA,Helicopter,N,DFO,Salmonids,Steve Duffy,,,,,,,,,,,,,,,
salmonid20,Lab2020Salmon,Cloud River,CRR,CRR20-1,50.8518,-56.2005,,,,,Ian Bradbury,eDNA,Car,N,DFO,Salmonids,Steve Duffy,,,,,,,,,,,,,,,
salmonid21,Lab2020Salmon,Come By Chance River,CBC,CBC20-1,47.96587,-53.9592,,,,,Ian Bradbury,eDNA,Car,N,DFO,Salmonids,Steve Duffy,,,,,,,,,,,,,,,
salmonid22,Lab2020Salmon,Conne River,COR,COR20-1,47.9112,-55.695,,,,,Ian Bradbury,Electrofishing/eDNA,Car,N,DFO,Salmonids,Steve Duffy,,,,,,,,,,,,,,,
salmonid23,Lab2020Salmon,Connoire Brook,COB,COB20-1,47.7501,-57.9091,,,,,Ian Bradbury,Electrofishing/eDNA,Helicopter,N,DFO,Salmonids,Steve Duffy,,,,,,,,,,,,,,,
salmonid24,Lab2020Salmon,Cooks Brook,CBR,CBR20-1,48.974,-58.0656,,,,,Ian Bradbury,eDNA,Car,N,DFO,Salmonids,Steve Duffy,,,,,,,,,,,,,,,
salmonid25,Lab2020Salmon,Couteau Brook,CTB,CTB20-1,47.7398,-58.0278,,,,,Ian Bradbury,Electrofishing/eDNA,Helicopter,N,DFO,Salmonids,Steve Duffy,,,,,,,,,,,,,,,
salmonid26,Lab2020Salmon,Cow Head Pond,CHP,CHP20-1,49.90396,-57.77584,,,,,Ian Bradbury,eDNA,Car,Y,DFO,Salmonids,Steve Duffy,,,,,,,,,,,,,,,
salmonid27,Lab2020Salmon,Crossing Place River,CPR,CPR20-1,46.9371,-53.4581,,,,,Ian Bradbury,eDNA,Car,N,DFO,Salmonids,Steve Duffy,,,,,,,,,,,,,,,
salmonid28,Lab2020Salmon,Cuslett Brook,CUR,CUR20-1,46.962559999999996,-54.153999999999996,,,,,Ian Bradbury,eDNA,Car,N,DFO,Salmonids,Steve Duffy,,,,,,,,,,,,,,,
salmonid29,Lab2020Salmon,Deer Harbour River,DHR,DHR20-1,47.9068,-53.8103,,,,,Ian Bradbury,eDNA,Car,N,DFO,Salmonids,Steve Duffy,,,,,,,,,,,,,,,
salmonid30,Lab2020Salmon,Devil Bay Brook,DBB,DBB20-1,47.663589,-56.631420999999996,,,,,Ian Bradbury,Electrofishing/eDNA,Helicopter,N,DFO,Salmonids,Steve Duffy,,,,,,,,,,,,,,,
salmonid31,Lab2020Salmon,East Bay Brook,EBB,EBB20-1,47.7672,-58.2494,,,,,Ian Bradbury,Electrofishing/eDNA,Helicopter,N,DFO,Salmonids,Steve Duffy,,,,,,,,,,,,,,,
salmonid32,Lab2020Salmon,Fair Haven Brook,FHB,FHB20-1,47.542320000000004,-53.891000000000005,,,,,Ian Bradbury,eDNA,Car,N,DFO,Salmonids,Steve Duffy,,,,,,,,,,,,,,,
salmonid33,Lab2020Salmon,Farmers Brook,FBB,FBB20-1,47.6641,-58.5008,,,,,Ian Bradbury,Electrofishing/eDNA,Helicopter,N,DFO,Salmonids,Steve Duffy,,,,,,,,,,,,,,,
salmonid34,Lab2020Salmon,First Pond - Off Southwest Brook,FPS,FPS20-1,48.522459999999995,-58.24964,,,,,Ian Bradbury,Trapping/eDNA,Car,Y,DFO,Salmonids,Steve Duffy,,,,,,,,,,,,,,,
salmonid35,Lab2020Salmon,Garia Brook,GBR,GBR20-1,47.7279,-58.5381,,,,,Ian Bradbury,Electrofishing/eDNA,Helicopter,N,DFO,Salmonids,Steve Duffy,,,,,,,,,,,,,,,
salmonid36,Lab2020Salmon,Garnish River,GHR,GHR20-1,47.2282,-55.3455,,,,,Ian Bradbury,Electrofishing/eDNA/Trapping,Car,Y,DFO,Salmonids,Steve Duffy,,,,,,,,,,,,,,,
salmonid37,Lab2020Salmon,Grand Bank Brook,GDB,GDB20-1,47.1011,-55.7507,,,,,Ian Bradbury,Electrofishing/eDNA,Car,N,DFO,Salmonids,Steve Duffy,,,,,,,,,,,,,,,
salmonid38,Lab2020Salmon,Grand Bay River,GRB,GRB20-1,47.6019,-59.1563,,,,,Ian Bradbury,Electrofishing/eDNA,Helicopter,N,DFO,Salmonids,Steve Duffy,,,,,,,,,,,,,,,
salmonid39,Lab2020Salmon,Grand Codroy River,GCR,GCR20-1,47.841,-59.2032,,,,,Ian Bradbury,Electrofishing/eDNA,Car,N,DFO,Salmonids,Steve Duffy,,,,,,,,,,,,,,,
salmonid40,Lab2020Salmon,"Grand Pond, Plum Point",GPP,GPP20-1,51.087340000000005,-56.861540000000005,,,,,Ian Bradbury,eDNA,Car,Y,DFO,Salmonids,Steve Duffy,,,,,,,,,,,,,,,
salmonid41,Lab2020Salmon,Grandy Brook,GYB,GYB20-1,47.6441,-57.6731,,,,,Ian Bradbury,Electrofishing/eDNA,Helicopter,N,DFO,Salmonids,Steve Duffy,,,,,,,,,,,,,,,
salmonid42,Lab2020Salmon,Grandys Brook,GSB,GSB20-1,47.6217,-58.8431,,,,,Ian Bradbury,Electrofishing/eDNA,Helicopter,N,DFO,Salmonids,Steve Duffy,,,,,,,,,,,,,,,
salmonid43,Lab2020Salmon,Great Barasway Brook,GBB,GBB20-1,47.1276,-54.0697,,,,,Ian Bradbury,eDNA,Car,N,DFO,Salmonids,Steve Duffy,,,,,,,,,,,,,,,
salmonid44,Lab2020Salmon,Grey River,GRR,GRR20-1,47.6844,-57.0086,,,,,Ian Bradbury,Electrofishing/eDNA,Helicopter,N,DFO,Salmonids,Steve Duffy,,,,,,,,,,,,,,,
salmonid45,Lab2020Salmon,Hampden River,HRR,HRR20-1,49.5406,-56.8712,,,,,Ian Bradbury,eDNA,Car,N,DFO,Salmonids,Steve Duffy,,,,,,,,,,,,,,,
salmonid46,Lab2020Salmon,Heart's Delight Brook,HDB,HDB20-1,47.7712,-53.4686,,,,,Ian Bradbury,eDNA,Car,N,DFO,Salmonids,Steve Duffy,,,,,,,,,,,,,,,
salmonid47,Lab2020Salmon,Indian Bay Brook,IBB,IBB20-1,49.0399,-53.8799,,,,,Ian Bradbury,eDNA,Car,N,DFO,Salmonids,Steve Duffy,,,,,,,,,,,,,,,
salmonid48,Lab2020Salmon,Isle aux Morts River,IMR,IMR20-1,47.5946,-59.0058,,,,,Ian Bradbury,Electrofishing/eDNA,Helicopter,N,DFO,Salmonids,Steve Duffy,,,,,,,,,,,,,,,
salmonid49,Lab2020Salmon,Kelly Brook,KBB,KBB20-1,47.6512,-57.5505,,,,,Ian Bradbury,Electrofishing/eDNA,Helicopter,N,DFO,Salmonids,Steve Duffy,,,,,,,,,,,,,,,
salmonid50,Lab2020Salmon,Kings Harbour Brook,KHB,KHB20-1,47.6434,-57.5759,,,,,Ian Bradbury,Electrofishing/eDNA,Helicopter,N,DFO,Salmonids,Steve Duffy,,,,,,,,,,,,,,,
salmonid51,Lab2020Salmon,La Poile River,LPR,LPR20-1,47.7989,-58.3209,,,,,Ian Bradbury,Electrofishing/eDNA,Helicopter,N,DFO,Salmonids,Steve Duffy,,,,,,,,,,,,,,,
salmonid52,Lab2020Salmon,Little Brook Pond,LBP,LBP20-1,50.55356,-57.375069999999994,,,,,Ian Bradbury,Trapping/eDNA,Car,Y,DFO,Salmonids,Steve Duffy,,,,,,,,,,,,,,,
salmonid53,Lab2020Salmon,Little Codroy River,LCR,LCR20-1,47.7709,-59.2691,,,,,Ian Bradbury,Electrofishing/eDNA,Car,N,DFO,Salmonids,Steve Duffy,,,,,,,,,,,,,,,
salmonid54,Lab2020Salmon,Little River,LRR,LRR20-1,47.8504,-55.6996,,,,,Ian Bradbury,Electrofishing/eDNA,Car,N,DFO,Salmonids,Steve Duffy,,,,,,,,,,,,,,,
salmonid55,Lab2020Salmon,Little Salmonier River (St. Marys Bay),LSB,LSB20-1,47.0374,-53.7499,,,,,Ian Bradbury,eDNA,Car,N,DFO,Salmonids,Steve Duffy,,,,,,,,,,,,,,,
salmonid56,Lab2020Salmon,"Manuals, Goose Arm, Bay of Islands",MGI,MGI20-1,49.111470000000004,-57.96041999999999,,,,,Ian Bradbury,eDNA,Car,Y,DFO,Salmonids,Steve Duffy,,,,,,,,,,,,,,,
salmonid57,Lab2020Salmon,Middle Brook,MBR,MBR20-1,47.6478,-57.8261,,,,,Ian Bradbury,Electrofishing/eDNA,Helicopter,N,DFO,Salmonids,Steve Duffy,,,,,,,,,,,,,,,
salmonid58,Lab2020Salmon,Middle Brook (Port Blandford),MBB,MBB20-1,48.3565,-54.1633,,,,,Ian Bradbury,eDNA,Car,N,DFO,Salmonids,Steve Duffy,,,,,,,,,,,,,,,
salmonid59,Lab2020Salmon,Musgrave Harbour,MHH,MHH20-1,49.44822,-53.942809999999994,,,,,Ian Bradbury,eDNA,Car,N,DFO,Salmonids,Steve Duffy,,,,,,,,,,,,,,,
salmonid60,Lab2020Salmon,New Bay River (Leamington River),NBR,NBR20-1,49.321999999999996,-55.3988,,,,,Ian Bradbury,eDNA,Car,N,DFO,Salmonids,Steve Duffy,,,,,,,,,,,,,,,
salmonid61,Lab2020Salmon,"Noel's Pond, Stephenville",NPS,NPS20-1,48.55762,-58.535169999999994,,,,,Ian Bradbury,eDNA,Car,Y,DFO,Salmonids,Steve Duffy,,,,,,,,,,,,,,,
salmonid62,Lab2020Salmon,North Arm River ( Holyrood),NAR,NAR20-1,47.3934,-53.157,,,,,Ian Bradbury,eDNA,Car,N,DFO,Salmonids,Steve Duffy,,,,,,,,,,,,,,,
salmonid63,Lab2020Salmon,Northeast River (Fortune Bay),NRB,NRB20-1,47.739090000000004,-55.357969999999995,,,,,Ian Bradbury,Electrofishing/eDNA,Car,N,DFO,Salmonids,Steve Duffy,,,,,,,,,,,,,,,
salmonid64,Lab2020Salmon,Northwest Brook (Bay le Moine),NBM,NBM20-1,47.6764,-58.6036,,,,,Ian Bradbury,Electrofishing/eDNA,Helicopter,N,DFO,Salmonids,Steve Duffy,,,,,,,,,,,,,,,
salmonid65,Lab2020Salmon,Northwest Brook (Garcia Bay),NBG,NBG20-1,47.7013,-58.5692,,,,,Ian Bradbury,Electrofishing/eDNA,Helicopter,N,DFO,Salmonids,Steve Duffy,,,,,,,,,,,,,,,
salmonid66,Lab2020Salmon,Northwest River (Fortune Bay),NRF,NRF20-1,47.7484,-55.39529,,,,,Ian Bradbury,Electrofishing/eDNA,Car,N,DFO,Salmonids,Steve Duffy,,,,,,,,,,,,,,,
salmonid67,Lab2020Salmon,Parker River,PRR,PRR20-1,51.4972,-55.7322,,,,,Ian Bradbury,eDNA,Car,N,DFO,Salmonids,Steve Duffy,,,,,,,,,,,,,,,
salmonid68,Lab2020Salmon,Pipers Hole River,PHR,PHR20-1,47.932590000000005,-54.27274,,,,,Ian Bradbury,eDNA,Car,N,DFO,Salmonids,Steve Duffy,,,,,,,,,,,,,,,
salmonid69,Lab2020Salmon,Renews River,RRR,RRR20-1,46.9339,-52.9526,,,,,Ian Bradbury,eDNA,Car,N,DFO,Salmonids,Steve Duffy,,,,,,,,,,,,,,,
salmonid70,Lab2020Salmon,Riverhead Brook (West R.) Halls Bay,RBW,RBW20-1,49.4254,-56.1361,,,,,Ian Bradbury,eDNA,Car,N,DFO,Salmonids,Steve Duffy,,,,,,,,,,,,,,,
salmonid71,Lab2020Salmon,Salmon Cove River (Trinity Bay),SCR,SCR20-1,48.3934,-53.3053,,,,,Ian Bradbury,eDNA,Car,N,DFO,Salmonids,Steve Duffy,,,,,,,,,,,,,,,
salmonid72,Lab2020Salmon,Salmonier Brook (Hermitage Bay),SBH,SBH20-1,47.6846,-55.6779,,,,,Ian Bradbury,eDNA,Car,N,DFO,Salmonids,Steve Duffy,,,,,,,,,,,,,,,
salmonid73,Lab2020Salmon,Salmonier River ( Lamaline),SRL,SRL20-1,46.8734,-55.7743,,,,,Ian Bradbury,Electrofishing/eDNA,Car,N,DFO,Salmonids,Steve Duffy,,,,,,,,,,,,,,,
salmonid74,Lab2020Salmon,Salmonier River (St. Marys Bay),SRM,SRM20-1,47.1657,-53.4512,,,,,Ian Bradbury,eDNA,Car,N,DFO,Salmonids,Steve Duffy,,,,,,,,,,,,,,,
salmonid75,Lab2020Salmon,Ship Harbour Brook,SHB,SHB20-1,47.3509,-53.8756,,,,,Ian Bradbury,eDNA,Car,N,DFO,Salmonids,Steve Duffy,,,,,,,,,,,,,,,
salmonid76,Lab2020Salmon,Shoal Harbour River,SHR,SHR20-1,48.1822,-53.9862,,,,,Ian Bradbury,eDNA,Car,N,DFO,Salmonids,Steve Duffy,,,,,,,,,,,,,,,
salmonid77,Lab2020Salmon,Simm's Brook,SIM,SIM20-1,47.67157,-55.47746,,,,,Ian Bradbury,Electrofishing/eDNA,Car,N,DFO,Salmonids,Steve Duffy,,,,,,,,,,,,,,,
salmonid78,Lab2020Salmon,Slants River (Stanford),SRS,SRS20-1,49.9522,-57.7541,,,,,Ian Bradbury,eDNA,Car,N,DFO,Salmonids,Steve Duffy,,,,,,,,,,,,,,,
salmonid79,Lab2020Salmon,Small Brook Entering Pinchgut Lake,SBE,SBE20-1,48.80192,-58.01081,,,,,Ian Bradbury,eDNA,Car,Y,DFO,Salmonids,Steve Duffy,,,,,,,,,,,,,,,
salmonid80,Lab2020Salmon,Southeast Brook (Baie D'espoir),SBD,SBD20-1,47.9211,-55.743,,,,,Ian Bradbury,Electrofishing/eDNA,Car,N,DFO,Salmonids,Steve Duffy,,,,,,,,,,,,,,,
salmonid81,Lab2020Salmon,Spread Eagle River,SER,SER20-1,47.5266,-53.6074,,,,,Ian Bradbury,eDNA,Car,N,DFO,Salmonids,Steve Duffy,,,,,,,,,,,,,,,
salmonid82,Lab2020Salmon,"St. John's, Quidi Vidi Lake",SJL,SJL20-1,47.58092,-52.690090000000005,,,,,Ian Bradbury,eDNA,Car,Y,DFO,Salmonids,Steve Duffy,,,,,,,,,,,,,,,
salmonid83,Lab2020Salmon,Ste. Genevieve River,SGR,SGR20-1,51.1371,-56.7936,,,,,Ian Bradbury,eDNA,Car,N,DFO,Salmonids,Steve Duffy,,,,,,,,,,,,,,,
salmonid84,Lab2020Salmon,Tailrace Brook,TBR,TBR20-1,48.0054,-55.78633000000001,,,,,Ian Bradbury,Electrofishing/eDNA,Car,N,DFO,Salmonids,Steve Duffy,,,,,,,,,,,,,,,
salmonid85,Lab2020Salmon,Terra Nova River,TNR,TNR20-1,48.6688,-54.0042,,,,,Ian Bradbury,eDNA,Car,N,DFO,Salmonids,Steve Duffy,,,,,,,,,,,,,,,
salmonid86,Lab2020Salmon,Terrenceville Brook,TRB,TRB20-1,47.6746,-54.6978,,,,,Ian Bradbury,Electrofishing/eDNA/Trapping,Car,Y,DFO,Salmonids,Steve Duffy,,,,,,,,,,,,,,,
salmonid87,Lab2020Salmon,The Gorge Brook,TGB,TGB20-1,47.659489,-56.705224,,,,,Ian Bradbury,Electrofishing/eDNA,Helicopter,N,DFO,Salmonids,Steve Duffy,,,,,,,,,,,,,,,
salmonid88,Lab2020Salmon,Tides Brook,TBB,TBB20-1,47.1387,-55.2314,,,,,Ian Bradbury,eDNA,Car,N,DFO,Salmonids,Steve Duffy,,,,,,,,,,,,,,,
salmonid89,Lab2020Salmon,Tommy's Arm River,TAR,TAR20-1,49.4649,-55.805,,,,,Ian Bradbury,eDNA,Car,N,DFO,Salmonids,Steve Duffy,,,,,,,,,,,,,,,
salmonid90,Lab2020Salmon,Trout River,TRR,TRR20-1,49.4784,-58.1286,,,,,Ian Bradbury,eDNA,Car,N,DFO,Salmonids,Steve Duffy,,,,,,,,,,,,,,,
salmonid91,Lab2020Salmon,White Bear River,WBR,WBR20-1,47.7767,-57.2711,,,,,Ian Bradbury,Electrofishing/eDNA,Helicopter,N,DFO,Salmonids,Steve Duffy,,,,,,,,,,,,,,,
salmonid92,Lab2020Salmon,Woodstock River (Pacquet R.),WRR,WRR20-1,49.9655,-55.883,,,,,Ian Bradbury,eDNA,Car,N,DFO,Salmonids,Steve Duffy,,,,,,,,,,,,,,,
eels1,Lab2020Sites,Trout River,TRR,TRR20-1-L,51.64125999,-56.72186201,06-Oct-20,,,,,,,,,,,None,,0.5,,,,,,,,,,,,
eels2,Lab2020Sites,Gilbert River,GIR,GIR20-1-C,52.71099402,-56.329427,07-Oct-20,,,,,,,,,,,None,20.0,0.39,,,,,,,,,,,,
eels3,Lab2020Sites,Shinny's Brook,SBK,SBK20-1-R,52.63253404,-56.42031399,07-Oct-20,,,,,,,,,,,None,26.0,0.63,,,,,,,,,,,,
eels4,Lab2020Sites,Shinny's Brook (Dam),SBB,SBB20-2-L,52.632757999999995,-56.42198199999999,07-Oct-20,,,,,,,,,,,Beaver Dam,32.0,0.21,,,,,,,,,,,,
eels5,Lab2020Sites,St.Charle's River,STC,STC20-1-C,52.23037996,-55.85577697,08-Oct-20,,,,,,,,,,,None,18.0,0.08,,,,,,,,,,,,
eels6,Lab2020Sites,St.Charle's River (Dam),STB,STB20-2-R,52.23090903,-55.85541202,08-Oct-20,,,,,,,,,,,Beaver Dam,,,,,,,,,,,,,,
eels7,Lab2020Sites,Muddy Bay Brook,MDB,MDB20-1-L,53.61685999,-57.03806897,09-Oct-20,,,,,,,,,,,None,82.0,0.66,,,,,,,,,,,,
eels8,Lab2020Sites,Southwest Brook,SWB,SWB20-1-C,53.422183999999994,-57.23534997,09-Oct-20,,,,,,,,,,,None,36.0,0.9,,,,,,,,,,,,
eels9,Lab2020Sites,St. Mary's River,SMR,SMR20-1-R,52.30566303,-55.83927903,10-Oct-20,,,,,,,,,,,None,25.0,1.7,,,,,,,,,,,,
eels10,Lab2020Sites,Forteau,FOR,FOR20-1-L,51.50212099,-56.95287396,11-Oct-20,,,,,,,,,,,None,66.0,0.34,,,,,,,,,,,,
eels11,Lab2020Sites,L'Anse Au Loup (Dam),LLD,LLD20-1-C,51.545266999999996,-56.85797003,11-Oct-20,,,,,,,,,,,Beaver Dam,100.0,0.34,,,,,,,,,,,,
eels12,Lab2020Sites,L'Anse Au Loup,LAL,LAL20-2-R,51.54527698,-56.85493201,11-Oct-20,,,,,,,,,,,None,48.0,0.53,,,,,,,,,,,,
eels13,Lab2020Sites,Pinware River Tributary,PRT,PRT20-1-L,,,12-Oct-20,,,,,,,,,,,None,,,,,,,,,,,,,,
eels14,Lab2020Sites,L'Anse Amour,LAA,LAA20-1-C,51.47627899,-56.87228699,12-Oct-20,,,,,,,,,,,None,24.0,0.51,,,,,,,,,,,,
eels15,Lab2020Sites,Small creek before town of Pinware,PCC,PCC20-1-R,51.620422999999995,-56.71845099,12-Oct-20,,,,,,,,,,,None,,,,,,,,,,,,,,
eels16,Lab2020Sites,Parker's River,PBP,PBP20-1-L,51.49701398,-55.73154702,13-Oct-20,,,,,,,,,,,None,30.0,0.51,,,,,,,,,,,,
eels17,Lab2020Sites,Outardes River,OUR,OUR20-1-C,51.48498503,-55.62204097,13-Oct-20,,,,,,,,,,,None,24.0,0.2,,,,,,,,,,,,
eels18,Lab2020Sites,Bartletts River,BAR,BAR20-1-R,,,13-Oct-20,,,,,,,,,,,None,,,,,,,,,,,,,,
eels19,Lab2020Sites,Northwest Brook by Roddickton,NOR,NOR20-1-L,50.92449998,-56.11226203,14-Oct-20,,,,,,,,,,,None,40.0,0.15,,,,,,,,,,,,
eels20,Lab2020Sites,Rose's Brook,ROB,ROB20-1-C,51.09475002,-56.06770702,14-Oct-20,,,,,,,,,,,None,38.0,0.15,,,,,,,,,,,,
eels21,Lab2020Sites,Pinsent's River,PIR,PIR20-1-R,51.49116199,-55.873414000000004,14-Oct-20,,,,,,,,,,,None,40.0,0.35,,,,,,,,,,,,
eels22,Lab2020Sites,Green Island Brook,GIB,GIB20-1-L,51.39533403,-56.529368999999996,15-Oct-20,,,,,,,,,,,None,60.0,0.95,,,,,,,,,,,,
eels23,Lab2020Sites,Genevieve River,SGR,SGR20-1-C,,,15-Oct-20,,,,,,,,,,,None,26.0,0.38,,,,,,,,,,,,
eels24,Lab2020Sites,Trout River,TRR,TRR20-1-R,51.64133501,-56.72191003,06-Oct-20,,,,,,,,,,,None,,0.3,,,,,,,,,,,,
eels25,Lab2020Sites,Gilbert River,GIR,GIR20-1-L,52.71115403,-56.32917202,07-Oct-20,,,,,,,,,,,None,32.0,0.23,,,,,,,,,,,,
eels26,Lab2020Sites,Shinny's Brook,SBK,SBK20-1-C,52.63246698,-56.42040996,07-Oct-20,,,,,,,,,,,None,26.0,0.3,,,,,,,,,,,,
eels27,Lab2020Sites,Shinny's Brook (Dam),SBB,SBB20-2-R,52.632757999999995,-56.421902,07-Oct-20,,,,,,,,,,,Beaver Dam,24.0,0.07,,,,,,,,,,,,
eels28,Lab2020Sites,St.Charle's River,STC,STC20-1-L,52.23042204,-55.85540003,08-Oct-20,,,,,,,,,,,None,18.0,0.24,,,,,,,,,,,,
eels29,Lab2020Sites,St.Charle's River (Dam),STB,STB20-2-C,,,08-Oct-20,,,,,,,,,,,Beaver Dam,,,,,,,,,,,,,,
eels30,Lab2020Sites,Muddy Bay Brook,MDB,MDB20-1-R,53.61678103,-57.03821599,09-Oct-20,,,,,,,,,,,None,36.0,0.12,,,,,,,,,,,,
eels31,Lab2020Sites,Southwest Brook,SWB,SWB20-1-L,53.42221401,-57.23552196,09-Oct-20,,,,,,,,,,,None,94.0,0.32,,,,,,,,,,,,
eels32,Lab2020Sites,St. Mary's River,SMR,SMR20-1-C,52.30569203,-55.83978396,10-Oct-20,,,,,,,,,,,None,32.0,0.1,,,,,,,,,,,,
eels33,Lab2020Sites,Forteau,FOR,FOR20-1-R,51.50221797,-56.95278796,11-Oct-20,,,,,,,,,,,None,88.0,0.53,,,,,,,,,,,,
eels34,Lab2020Sites,L'Anse Au Loup (Dam),LLD,LLD20-1-L,51.54531604,-56.85794002,11-Oct-20,,,,,,,,,,,Beaver Dam,100.0,0.05,,,,,,,,,,,,
eels35,Lab2020Sites,L'Anse Au Loup,LAL,LAL20-2-C,51.54534403,-56.85492598,11-Oct-20,,,,,,,,,,,None,34.0,0.63,,,,,,,,,,,,
eels36,Lab2020Sites,Pinware River Tributary,PRT,PRT20-1-R,,,12-Oct-20,,,,,,,,,,,None,,,,,,,,,,,,,,
eels37,Lab2020Sites,L'Anse Amour,LAA,LAA20-1-L,51.47630397,-56.87197401,12-Oct-20,,,,,,,,,,,None,25.0,0.64,,,,,,,,,,,,
eels38,Lab2020Sites,Small creek before town of Pinware,PCC,PCC20-1-C,,,12-Oct-20,,,,,,,,,,,None,,,,,,,,,,,,,,
eels39,Lab2020Sites,Parker's River,PBP,PBP20-1-R,51.49692002,-55.73159999,13-Oct-20,,,,,,,,,,,None,62.0,0.91,,,,,,,,,,,,
eels40,Lab2020Sites,Outardes River,OUR,OUR20-1-L,51.48497304,-55.62204097,13-Oct-20,,,,,,,,,,,None,46.0,0.3,,,,,,,,,,,,
eels41,Lab2020Sites,Bartletts River,BAR,BAR20-1-C,,,13-Oct-20,,,,,,,,,,,None,,,,,,,,,,,,,,
eels42,Lab2020Sites,Northwest Brook by Roddickton,NOR,NOR20-1-R,50.92445699,-56.11213203,14-Oct-20,,,,,,,,,,,None,48.0,0.33,,,,,,,,,,,,
eels43,Lab2020Sites,Rose's Brook,ROB,ROB20-1-L,51.094689,-56.06777902,14-Oct-20,,,,,,,,,,,None,56.0,0.24,,,,,,,,,,,,
eels44,Lab2020Sites,Pinsent's River,PIR,PIR20-1-C,51.49117104,-55.873414000000004,14-Oct-20,,,,,,,,,,,None,40.0,0.41,,,,,,,,,,,,
eels45,Lab2020Sites,Green Island Brook,GIB,GIB20-1-R,51.39541701,-56.52949297,15-Oct-20,,,,,,,,,,,None,26.0,1.31,,,,,,,,,,,,
eels46,Lab2020Sites,Genevieve River,SGR,SGR20-1-L,51.137506,-56.795841,15-Oct-20,,,,,,,,,,,None,42.0,0.52,,,,,,,,,,,,
eels47,Lab2020Sites,Trout River,TRR,TRR20-1-C,51.64134096,-56.72191899999999,06-Oct-20,,,,,,,,,,,None,,0.8,,,,,,,,,,,,
eels48,Lab2020Sites,Gilbert River,GIR,GIR20-1-R,52.71107197,-56.32894898,07-Oct-20,,,,,,,,,,,None,26.0,0.26,,,,,,,,,,,,
eels49,Lab2020Sites,Shinny's Brook,SBK,SBK20-1-L,52.63240898,-56.42031399,07-Oct-20,,,,,,,,,,,None,20.0,0.71,,,,,,,,,,,,
eels50,Lab2020Sites,Shinny's Brook (Dam),SBB,SBB20-2-C,52.632709,-56.421914,07-Oct-20,,,,,,,,,,,Beaver Dam,22.0,0.18,,,,,,,,,,,,
eels51,Lab2020Sites,St.Charle's River,STC,STC20-1-R,52.23069596,-55.85549802,08-Oct-20,,,,,,,,,,,None,14.0,0.1,,,,,,,,,,,,
eels52,Lab2020Sites,St.Charle's River (Dam),STB,STB20-2-L,,,08-Oct-20,,,,,,,,,,,Beaver Dam,,,,,,,,,,,,,,
eels53,Lab2020Sites,Muddy Bay Brook,MDB,MDB20-1-C,53.61623897,-57.03702098,09-Oct-20,,,,,,,,,,,None,36.0,0.5,,,,,,,,,,,,
eels54,Lab2020Sites,Southwest Brook,SWB,SWB20-1-R,53.42206799,-57.23561802,09-Oct-20,,,,,,,,,,,None,44.0,0.52,,,,,,,,,,,,
eels55,Lab2020Sites,St. Mary's River,SMR,SMR20-1-L,52.30534896,-55.83975898,10-Oct-20,,,,,,,,,,,None,30.0,1.3,,,,,,,,,,,,
eels56,Lab2020Sites,Forteau,FOR,FOR20-1-C,51.50218796,-56.95288603,11-Oct-20,,,,,,,,,,,None,78.0,0.55,,,,,,,,,,,,
eels57,Lab2020Sites,L'Anse Au Loup (Dam),LLD,LLD20-1-R,51.545353000000006,-56.85791697,11-Oct-20,,,,,,,,,,,Beaver Dam,100.0,0.07,,,,,,,,,,,,
eels58,Lab2020Sites,L'Anse Au Loup,LAL,LAL20-2-L,51.54542902,-56.85503804,11-Oct-20,,,,,,,,,,,None,28.0,0.72,,,,,,,,,,,,
eels59,Lab2020Sites,Pinware River Tributary,PRT,PRT20-1-C,,,12-Oct-20,,,,,,,,,,,None,,,,,,,,,,,,,,
eels60,Lab2020Sites,L'Anse Amour,LAA,LAA20-1-R,51.47625301,-56.87226201,12-Oct-20,,,,,,,,,,,None,15.0,0.64,,,,,,,,,,,,
eels61,Lab2020Sites,Small creek before town of Pinware,PCC,PCC20-1-L,,,12-Oct-20,,,,,,,,,,,None,,,,,,,,,,,,,,
eels62,Lab2020Sites,Parker's River,PBP,PBP20-1-C,51.49701398,-55.73166504,13-Oct-20,,,,,,,,,,,None,36.0,0.6,,,,,,,,,,,,
eels63,Lab2020Sites,Outardes River,OUR,OUR20-1-R,51.48497304,-55.62204097,13-Oct-20,,,,,,,,,,,None,34.0,0.25,,,,,,,,,,,,
eels64,Lab2020Sites,Bartletts River,BAR,BAR20-1-L,,,13-Oct-20,,,,,,,,,,,None,,,,,,,,,,,,,,
eels65,Lab2020Sites,Northwest Brook by Roddickton,NOR,NOR20-1-C,50.92443402,-56.11223403,14-Oct-20,,,,,,,,,,,None,36.0,0.36,,,,,,,,,,,,
eels66,Lab2020Sites,Rose's Brook,ROB,ROB20-1-R,51.09471397,-56.06786904,14-Oct-20,,,,,,,,,,,None,40.0,0.4,,,,,,,,,,,,
eels67,Lab2020Sites,Pinsent's River,PIR,PIR20-1-L,51.49117104,-55.873414000000004,14-Oct-20,,,,,,,,,,,None,16.0,0.26,,,,,,,,,,,,
eels68,Lab2020Sites,Green Island Brook,GIB,GIB20-1-C,51.39551098,-56.52965399,15-Oct-20,,,,,,,,,,,None,30.0,0.76,,,,,,,,,,,,
eels69,Lab2020Sites,Genevieve River,SGR,SGR20-1-R,,,15-Oct-20,,,,,,,,,,,None,48.0,0.87,,,,,,,,,,,,
waterchem1,Lab2020WatChem,Trout River,TRR,TRR20-1-L,51.64125999,-56.72186201,06-Oct-20,,,,Tom Bird,Chemistry,,,DFO,Aquatic Ecosystems,Chelsea Bloom,,,,"Art Walsh, Saraphina Henderson",Trout River,SONDE,9.11,71.5,8.22,100.2,0.01,0.017,6.27,47.2,144.8
waterchem2,Lab2020WatChem,Gilbert River,GIR,GIR20-1-C,52.71099402,-56.329427,07-Oct-20,,,,Tom Bird,Chemistry,,,DFO,Aquatic Ecosystems,Chelsea Bloom,,,,"Art Walsh, Saraphina Henderson",Gilbert River,SONDE,10.1,90.8,10.2,100.2,0.01,0.02,6.62,36.3,166.6
waterchem3,Lab2020WatChem,Shinny's Brook,SBK,SBK20-1-R,52.63253404,-56.42031399,07-Oct-20,,,,Tom Bird,Chemistry,,,DFO,Aquatic Ecosystems,Chelsea Bloom,,,,"Art Walsh, Saraphina Henderson",Shinny's Brook,SONDE,10.49,92.5,10.24,,0.0,0.0,5.91,69.4,216.8
waterchem4,Lab2020WatChem,Shinny's Brook (Dam),SBB,SBB20-2-L,52.632757999999995,-56.42198199999999,07-Oct-20,,,,Tom Bird,Chemistry,,,DFO,Aquatic Ecosystems,Chelsea Bloom,,,,"Art Walsh, Saraphina Henderson",Shinny's Brook (Dam),SONDE,10.5,92.2,10.29,100.2,0.01,0.022000000000000002,5.73,77.2,210.2
waterchem5,Lab2020WatChem,St.Charle's River,STC,STC20-1-C,52.23037996,-55.85577697,08-Oct-20,,,,Tom Bird,Chemistry,,,DFO,Aquatic Ecosystems,Chelsea Bloom,,,,"Art Walsh, Saraphina Henderson",St.Charle's River,SONDE,11.1,127.8,114.07,99.2,0.01,0.017,6.17,53.8,160.6
waterchem6,Lab2020WatChem,St.Charle's River (Dam),STB,STB20-2-R,52.23090903,-55.85541202,08-Oct-20,,,,Tom Bird,Chemistry,,,DFO,Aquatic Ecosystems,Chelsea Bloom,,,,"Art Walsh, Saraphina Henderson",St.Charle's River (Dam),SONDE,,,,,,,,,
waterchem7,Lab2020WatChem,Muddy Bay Brook,MDB,MDB20-1-L,53.61685999,-57.03806897,09-Oct-20,,,,Tom Bird,Chemistry,,,DFO,Aquatic Ecosystems,Chelsea Bloom,,,,"Art Walsh, Saraphina Henderson",Muddy Bay Brook,SONDE,8.67,141.1,16.08,100.2,0.01,0.023,6.03,62.4,230.1
waterchem8,Lab2020WatChem,Southwest Brook,SWB,SWB20-1-C,53.422183999999994,-57.23534997,09-Oct-20,,,,Tom Bird,Chemistry,,,DFO,Aquatic Ecosystems,Chelsea Bloom,,,,"Art Walsh, Saraphina Henderson",Southwest Brook,SONDE,8.7,147.5,17.0,99.2,0.01,0.024,6.7,24.0,174.1
waterchem9,Lab2020WatChem,St. Mary's River,SMR,SMR20-1-R,52.30566303,-55.83927903,10-Oct-20,,,,Tom Bird,Chemistry,,,DFO,Aquatic Ecosystems,Chelsea Bloom,,,,"Art Walsh, Saraphina Henderson",St. Mary's River,SONDE,7.8,122.4,14.59,80.8,0.01,0.018000000000000002,5.53,88.2,164.4
waterchem10,Lab2020WatChem,Forteau,FOR,FOR20-1-L,51.50212099,-56.95287396,11-Oct-20,,,,Tom Bird,Chemistry,,,DFO,Aquatic Ecosystems,Chelsea Bloom,,,,"Art Walsh, Saraphina Henderson",Forteau,SONDE,9.59,145.6,16.57,84.9,0.01,0.031,6.92,12.3,177.6
waterchem11,Lab2020WatChem,L'Anse Au Loup (Dam),LLD,LLD20-1-C,51.545266999999996,-56.85797003,11-Oct-20,,,,Tom Bird,Chemistry,,,DFO,Aquatic Ecosystems,Chelsea Bloom,,,,"Art Walsh, Saraphina Henderson",L'Anse Au Loup (At Dam),SONDE,8.3,127.1,14.92,73.7,0.02,0.039,7.03,5.5,203.0
waterchem12,Lab2020WatChem,L'Anse Au Loup,LAL,LAL20-2-R,51.54527698,-56.85493201,11-Oct-20,,,,Tom Bird,Chemistry,,,DFO,Aquatic Ecosystems,Chelsea Bloom,,,,"Art Walsh, Saraphina Henderson",L'Anse Au Loup,SONDE,7.94,137.3,16.26,74.7,0.02,0.039,7.15,0.9,202.0
waterchem13,Lab2020WatChem,Pinware River Tributary,PRT,PRT20-1-L,,,12-Oct-20,,,,Tom Bird,Chemistry,,,DFO,Aquatic Ecosystems,Chelsea Bloom,,,,"Art Walsh, Saraphina Henderson",Pinware River Tributary,SONDE,5.62,125.0,16.95,68.6,0.0,0.002,5.69,81.7,180.5
waterchem14,Lab2020WatChem,L'Anse Amour,LAA,LAA20-1-C,51.47627899,-56.87228699,12-Oct-20,,,,Tom Bird,Chemistry,,,DFO,Aquatic Ecosystems,Chelsea Bloom,,,,"Art Walsh, Saraphina Henderson",L'Anse Amour,SONDE,6.02,116.2,14.23,61.4,0.09,0.19899999999999998,7.51,-20.2,156.8
waterchem15,Lab2020WatChem,Small creek before town of Pinware,PCC,PCC20-1-R,51.620422999999995,-56.71845099,12-Oct-20,,,,Tom Bird,Chemistry,,,DFO,Aquatic Ecosystems,Chelsea Bloom,,,,"Art Walsh, Saraphina Henderson",Small creek before town of Pinware,SONDE,6.47,96.2,11.72,54.3,0.01,0.019,5.91,68.9,183.2
waterchem16,Lab2020WatChem,Parker's River,PBP,PBP20-1-L,51.49701398,-55.73154702,13-Oct-20,,,,Tom Bird,Chemistry,,,DFO,Aquatic Ecosystems,Chelsea Bloom,,,,"Art Walsh, Saraphina Henderson",Parker's River,SONDE,9.94,122.0,13.65,63.5,0.02,0.049,6.95,10.4,105.0
waterchem17,Lab2020WatChem,Outardes River,OUR,OUR20-1-C,51.48498503,-55.62204097,13-Oct-20,,,,Tom Bird,Chemistry,,,DFO,Aquatic Ecosystems,Chelsea Bloom,,,,"Art Walsh, Saraphina Henderson",Outardes River,SONDE,7.5,97.1,11.53,51.2,0.02,0.053,6.4,40.0,198.0
waterchem18,Lab2020WatChem,Bartletts River,BAR,BAR20-1-R,,,13-Oct-20,,,,Tom Bird,Chemistry,,,DFO,Aquatic Ecosystems,Chelsea Bloom,,,,"Art Walsh, Saraphina Henderson",Bartletts River,SONDE,8.82,89.0,10.37,48.2,0.04,0.08900000000000001,7.06,5.1,145.1
waterchem19,Lab2020WatChem,Northwest Brook by Roddickton,NOR,NOR20-1-L,50.92449998,-56.11226203,14-Oct-20,,,,Tom Bird,Chemistry,,,DFO,Aquatic Ecosystems,Chelsea Bloom,,,,"Art Walsh, Saraphina Henderson",Northwest Brook by Roddickton,SONDE,8.9,132.9,15.34,56.3,0.07,0.15,7.72,-30.1,158.0
waterchem20,Lab2020WatChem,Rose's Brook,ROB,ROB20-1-C,51.09475002,-56.06770702,14-Oct-20,,,,Tom Bird,Chemistry,,,DFO,Aquatic Ecosystems,Chelsea Bloom,,,,"Art Walsh, Saraphina Henderson",Rose's Brook,SONDE,9.25,94.3,10.89,46.1,0.07,0.15,7.59,-23.8,156.0
waterchem21,Lab2020WatChem,Pinsent's River,PIR,PIR20-1-R,51.49116199,-55.873414000000004,14-Oct-20,,,,Tom Bird,Chemistry,,,DFO,Aquatic Ecosystems,Chelsea Bloom,,,,"Art Walsh, Saraphina Henderson",Pinsent's River,SONDE,9.12,95.7,11.13,47.1,0.02,0.055,7.08,7.8,111.0
waterchem22,Lab2020WatChem,Green Island Brook,GIB,GIB20-1-L,51.39533403,-56.529368999999996,15-Oct-20,,,,Tom Bird,Chemistry,,,DFO,Aquatic Ecosystems,Chelsea Bloom,,,,"Art Walsh, Saraphina Henderson",Green Island Brook,SONDE,8.32,91.0,10.4,42.0,0.08,0.17300000000000001,7.62,-26.0,112.3
waterchem23,Lab2020WatChem,Genevieve River,SGR,SGR20-1-C,,,15-Oct-20,,,,Tom Bird,Chemistry,,,DFO,Aquatic Ecosystems,Chelsea Bloom,,,,"Art Walsh, Saraphina Henderson",Genevieve River,,9.3,47.1,5.41,31.8,0.03,0.091,7.42,-14.9,126.2
